scaling,rep,omega,treelen
yang,0,0.1,0.793037810832
neutral,0,0.1,0.260321757068
yang,1,0.1,0.780780560988
neutral,1,0.1,0.253550430928
yang,2,0.1,0.818279428875
neutral,2,0.1,0.317544183034
yang,3,0.1,0.815434492715
neutral,3,0.1,0.245115383632
yang,4,0.1,0.801410753712
neutral,4,0.1,0.250584580048
yang,5,0.1,0.798306889118
neutral,5,0.1,0.248135207295
yang,6,0.1,0.839766405523
neutral,6,0.1,0.263133972759
yang,7,0.1,0.730091737077
neutral,7,0.1,0.254542842658
yang,8,0.1,0.779617198492
neutral,8,0.1,0.289488221849
yang,9,0.1,0.791243175395
neutral,9,0.1,0.255690133109
yang,10,0.1,0.894747586297
neutral,10,0.1,0.278356553618
yang,11,0.1,0.856830406297
neutral,11,0.1,0.248241104886
yang,12,0.1,0.807079086895
neutral,12,0.1,0.26541240348
yang,13,0.1,0.855465725503
neutral,13,0.1,0.279600637615
yang,14,0.1,0.852955342587
neutral,14,0.1,0.280728568871
yang,15,0.1,0.709151436164
neutral,15,0.1,0.281271260069
yang,16,0.1,0.805055080542
neutral,16,0.1,0.28894498762
yang,17,0.1,0.729573973074
neutral,17,0.1,0.255335446925
yang,18,0.1,0.782659230202
neutral,18,0.1,0.235400696491
yang,19,0.1,0.839364909107
neutral,19,0.1,0.316836898578
yang,20,0.1,0.827079364048
neutral,20,0.1,0.262030600485
yang,21,0.1,0.805056242901
neutral,21,0.1,0.260458798462
yang,22,0.1,0.881345210502
neutral,22,0.1,0.251518744496
yang,23,0.1,0.790620331598
neutral,23,0.1,0.255758928588
yang,24,0.1,0.837876504492
neutral,24,0.1,0.326300822165
yang,25,0.1,0.733241886481
neutral,25,0.1,0.263473888965
yang,26,0.1,0.879193801434
neutral,26,0.1,0.251284895559
yang,27,0.1,0.772550205211
neutral,27,0.1,0.265346891072
yang,28,0.1,0.823102445849
neutral,28,0.1,0.270711405433
yang,29,0.1,0.770212854922
neutral,29,0.1,0.201695260882
yang,30,0.1,0.891665026731
neutral,30,0.1,0.267114587574
yang,31,0.1,0.777975780691
neutral,31,0.1,0.289758558113
yang,32,0.1,0.793836479879
neutral,32,0.1,0.275359205778
yang,33,0.1,0.782423497468
neutral,33,0.1,0.265964493901
yang,34,0.1,0.776331047153
neutral,34,0.1,0.265489475009
yang,35,0.1,0.845884246926
neutral,35,0.1,0.243595428295
yang,36,0.1,0.909234380406
neutral,36,0.1,0.252535916891
yang,37,0.1,0.769390750182
neutral,37,0.1,0.243314805462
yang,38,0.1,0.745149448438
neutral,38,0.1,0.252767139611
yang,39,0.1,0.85576652835
neutral,39,0.1,0.268203340378
yang,40,0.1,0.822515802062
neutral,40,0.1,0.222496621574
yang,41,0.1,0.899420469739
neutral,41,0.1,0.257532908489
yang,42,0.1,0.85568372516
neutral,42,0.1,0.237983138724
yang,43,0.1,0.778628788358
neutral,43,0.1,0.278686915974
yang,44,0.1,0.825086558661
neutral,44,0.1,0.220822456296
yang,45,0.1,0.824562547175
neutral,45,0.1,0.255405754068
yang,46,0.1,0.779729384894
neutral,46,0.1,0.269973337582
yang,47,0.1,0.853680168657
neutral,47,0.1,0.257650190462
yang,48,0.1,0.78505252489
neutral,48,0.1,0.292173972551
yang,49,0.1,0.727531503121
neutral,49,0.1,0.279885631954
yang,0,0.2,0.877803789637
neutral,0,0.2,0.382331082098
yang,1,0.2,0.863183909397
neutral,1,0.2,0.320293455233
yang,2,0.2,0.749063413196
neutral,2,0.2,0.335558417538
yang,3,0.2,0.693202425203
neutral,3,0.2,0.317012851878
yang,4,0.2,0.83221356942
neutral,4,0.2,0.349523039707
yang,5,0.2,0.810218847673
neutral,5,0.2,0.334457118926
yang,6,0.2,0.791847217071
neutral,6,0.2,0.308240033924
yang,7,0.2,0.785476861369
neutral,7,0.2,0.321258714794
yang,8,0.2,0.777611926257
neutral,8,0.2,0.266421576682
yang,9,0.2,0.756956466262
neutral,9,0.2,0.311968495457
yang,10,0.2,0.820767941906
neutral,10,0.2,0.361302824438
yang,11,0.2,0.836107984029
neutral,11,0.2,0.340467510397
yang,12,0.2,0.756106750102
neutral,12,0.2,0.352943742091
yang,13,0.2,0.752087606575
neutral,13,0.2,0.315663258275
yang,14,0.2,0.797171390285
neutral,14,0.2,0.354059349173
yang,15,0.2,0.841817051133
neutral,15,0.2,0.337643945262
yang,16,0.2,0.789031735328
neutral,16,0.2,0.359283732318
yang,17,0.2,0.813163134253
neutral,17,0.2,0.296631178514
yang,18,0.2,0.813414836702
neutral,18,0.2,0.326850497632
yang,19,0.2,0.814639671758
neutral,19,0.2,0.33818220501
yang,20,0.2,0.754860600292
neutral,20,0.2,0.308178887232
yang,21,0.2,0.828943225991
neutral,21,0.2,0.32211092122
yang,22,0.2,0.77486014624
neutral,22,0.2,0.360384593684
yang,23,0.2,0.826181140868
neutral,23,0.2,0.304804266975
yang,24,0.2,0.863095369621
neutral,24,0.2,0.365661365505
yang,25,0.2,0.783731087537
neutral,25,0.2,0.323563920773
yang,26,0.2,0.805335015104
neutral,26,0.2,0.328309634204
yang,27,0.2,0.826225610006
neutral,27,0.2,0.353755826629
yang,28,0.2,0.833573315587
neutral,28,0.2,0.333052737142
yang,29,0.2,0.841533038307
neutral,29,0.2,0.393785875475
yang,30,0.2,0.829762115478
neutral,30,0.2,0.303447797492
yang,31,0.2,0.799590913215
neutral,31,0.2,0.286436161323
yang,32,0.2,0.750868654161
neutral,32,0.2,0.32163953377
yang,33,0.2,0.860040535811
neutral,33,0.2,0.29826387029
yang,34,0.2,0.758024480966
neutral,34,0.2,0.290173910194
yang,35,0.2,0.848097857546
neutral,35,0.2,0.286485000818
yang,36,0.2,0.808996521707
neutral,36,0.2,0.366206823268
yang,37,0.2,0.904481417996
neutral,37,0.2,0.326320376538
yang,38,0.2,0.810094716232
neutral,38,0.2,0.376704509572
yang,39,0.2,0.78617716675
neutral,39,0.2,0.280703661834
yang,40,0.2,0.838500081356
neutral,40,0.2,0.306071417877
yang,41,0.2,0.84950170508
neutral,41,0.2,0.329089643327
yang,42,0.2,0.741657062679
neutral,42,0.2,0.298571841717
yang,43,0.2,0.839101198487
neutral,43,0.2,0.350910803761
yang,44,0.2,0.784208047568
neutral,44,0.2,0.317343693633
yang,45,0.2,0.756536577948
neutral,45,0.2,0.319222359739
yang,46,0.2,0.733958526919
neutral,46,0.2,0.353452157689
yang,47,0.2,0.761070083297
neutral,47,0.2,0.393420174538
yang,48,0.2,0.849071432476
neutral,48,0.2,0.329275274897
yang,49,0.2,0.784450973024
neutral,49,0.2,0.297438075714
yang,0,0.3,0.796706879905
neutral,0,0.3,0.386224492402
yang,1,0.3,0.7861337801
neutral,1,0.3,0.353169487082
yang,2,0.3,0.834214477608
neutral,2,0.3,0.394278178508
yang,3,0.3,0.820411039338
neutral,3,0.3,0.354769922303
yang,4,0.3,0.81577066211
neutral,4,0.3,0.357188224987
yang,5,0.3,0.803718113688
neutral,5,0.3,0.382804505786
yang,6,0.3,0.846976204987
neutral,6,0.3,0.408999370312
yang,7,0.3,0.893826619472
neutral,7,0.3,0.417505475598
yang,8,0.3,0.828337097423
neutral,8,0.3,0.452197461563
yang,9,0.3,0.767591736016
neutral,9,0.3,0.373088591017
yang,10,0.3,0.846321777425
neutral,10,0.3,0.425129858807
yang,11,0.3,0.841910080851
neutral,11,0.3,0.353630643491
yang,12,0.3,0.82945611965
neutral,12,0.3,0.352944874784
yang,13,0.3,0.771957914187
neutral,13,0.3,0.386433279165
yang,14,0.3,0.831937653905
neutral,14,0.3,0.375379371456
yang,15,0.3,0.81228522
neutral,15,0.3,0.352999378713
yang,16,0.3,0.847629376995
neutral,16,0.3,0.389651541599
yang,17,0.3,0.793065123438
neutral,17,0.3,0.406477142546
yang,18,0.3,0.794967591782
neutral,18,0.3,0.388743812556
yang,19,0.3,0.883702022524
neutral,19,0.3,0.383273942527
yang,20,0.3,0.842987344838
neutral,20,0.3,0.392703492564
yang,21,0.3,0.852880585867
neutral,21,0.3,0.414627331098
yang,22,0.3,0.80215901966
neutral,22,0.3,0.392349205381
yang,23,0.3,0.806305410682
neutral,23,0.3,0.363022072405
yang,24,0.3,0.834302380464
neutral,24,0.3,0.370088375523
yang,25,0.3,0.74191906324
neutral,25,0.3,0.4026960596
yang,26,0.3,0.76262555819
neutral,26,0.3,0.362603406956
yang,27,0.3,0.802992718188
neutral,27,0.3,0.366566396433
yang,28,0.3,0.867280322747
neutral,28,0.3,0.427347172171
yang,29,0.3,0.75917007613
neutral,29,0.3,0.415541861988
yang,30,0.3,0.84473706697
neutral,30,0.3,0.399706774502
yang,31,0.3,0.769328074691
neutral,31,0.3,0.37303245201
yang,32,0.3,0.79613953669
neutral,32,0.3,0.389801635544
yang,33,0.3,0.820623017108
neutral,33,0.3,0.372219480888
yang,34,0.3,0.865139030926
neutral,34,0.3,0.406580031493
yang,35,0.3,0.808980477701
neutral,35,0.3,0.382973193
yang,36,0.3,0.824353566884
neutral,36,0.3,0.370442718619
yang,37,0.3,0.831817924228
neutral,37,0.3,0.39981967529
yang,38,0.3,0.858863275907
neutral,38,0.3,0.361134951884
yang,39,0.3,0.803418840558
neutral,39,0.3,0.359952969264
yang,40,0.3,0.772641356967
neutral,40,0.3,0.349512082176
yang,41,0.3,0.888052778557
neutral,41,0.3,0.385297744255
yang,42,0.3,0.834563677289
neutral,42,0.3,0.415336601315
yang,43,0.3,0.826704898281
neutral,43,0.3,0.35899238479
yang,44,0.3,0.717575614716
neutral,44,0.3,0.423131252451
yang,45,0.3,0.738876226351
neutral,45,0.3,0.369824714527
yang,46,0.3,0.741805482112
neutral,46,0.3,0.424845899885
yang,47,0.3,0.83216927402
neutral,47,0.3,0.395308732329
yang,48,0.3,0.82597435923
neutral,48,0.3,0.435045920923
yang,49,0.3,0.815704018606
neutral,49,0.3,0.350494744102
yang,0,0.4,0.799792619355
neutral,0,0.4,0.438755600714
yang,1,0.4,0.81380779197
neutral,1,0.4,0.456411116931
yang,2,0.4,0.769784825555
neutral,2,0.4,0.44927137979
yang,3,0.4,0.820492483314
neutral,3,0.4,0.432142210231
yang,4,0.4,0.794937313596
neutral,4,0.4,0.436392881127
yang,5,0.4,0.782615130255
neutral,5,0.4,0.468174029262
yang,6,0.4,0.809757570972
neutral,6,0.4,0.423156979359
yang,7,0.4,0.871810935564
neutral,7,0.4,0.415694065731
yang,8,0.4,0.790716712097
neutral,8,0.4,0.442416181029
yang,9,0.4,0.826469703736
neutral,9,0.4,0.429490629628
yang,10,0.4,0.84195100493
neutral,10,0.4,0.473259552778
yang,11,0.4,0.817078989596
neutral,11,0.4,0.443467163161
yang,12,0.4,0.805258649354
neutral,12,0.4,0.435778277705
yang,13,0.4,0.849747568884
neutral,13,0.4,0.504456158161
yang,14,0.4,0.777146187998
neutral,14,0.4,0.474795164985
yang,15,0.4,0.74802325091
neutral,15,0.4,0.386564101274
yang,16,0.4,0.793383448642
neutral,16,0.4,0.3919960162
yang,17,0.4,0.789050068185
neutral,17,0.4,0.402243428962
yang,18,0.4,0.798191388995
neutral,18,0.4,0.456370157672
yang,19,0.4,0.730788260151
neutral,19,0.4,0.458987094598
yang,20,0.4,0.833877455211
neutral,20,0.4,0.46313205082
yang,21,0.4,0.825854913711
neutral,21,0.4,0.444712189447
yang,22,0.4,0.810151611085
neutral,22,0.4,0.45592791074
yang,23,0.4,0.810287451986
neutral,23,0.4,0.433401545446
yang,24,0.4,0.794014713528
neutral,24,0.4,0.413482990532
yang,25,0.4,0.770356205581
neutral,25,0.4,0.419255853277
yang,26,0.4,0.763177975414
neutral,26,0.4,0.476909347141
yang,27,0.4,0.82492629785
neutral,27,0.4,0.445052767027
yang,28,0.4,0.851707062
neutral,28,0.4,0.419985722485
yang,29,0.4,0.834395852771
neutral,29,0.4,0.486580232225
yang,30,0.4,0.829497082823
neutral,30,0.4,0.418555085504
yang,31,0.4,0.79869200482
neutral,31,0.4,0.477359554919
yang,32,0.4,0.783812269881
neutral,32,0.4,0.438842480442
yang,33,0.4,0.841841342211
neutral,33,0.4,0.415978138074
yang,34,0.4,0.849263789582
neutral,34,0.4,0.41057352388
yang,35,0.4,0.832595193525
neutral,35,0.4,0.408331736129
yang,36,0.4,0.738033939634
neutral,36,0.4,0.45891626241
yang,37,0.4,0.801354833445
neutral,37,0.4,0.462462940823
yang,38,0.4,0.807686766698
neutral,38,0.4,0.444432907772
yang,39,0.4,0.818197344437
neutral,39,0.4,0.415840431991
yang,40,0.4,0.810548185716
neutral,40,0.4,0.444631416403
yang,41,0.4,0.777003201444
neutral,41,0.4,0.414499648427
yang,42,0.4,0.801759243804
neutral,42,0.4,0.394832445008
yang,43,0.4,0.788526780232
neutral,43,0.4,0.452843702097
yang,44,0.4,0.874943693426
neutral,44,0.4,0.479409137238
yang,45,0.4,0.786430886124
neutral,45,0.4,0.401301877203
yang,46,0.4,0.792168179469
neutral,46,0.4,0.443617075793
yang,47,0.4,0.791117574462
neutral,47,0.4,0.402446581734
yang,48,0.4,0.739121103705
neutral,48,0.4,0.417108943034
yang,49,0.4,0.796173627364
neutral,49,0.4,0.443845988433
yang,0,0.5,0.771618276242
neutral,0,0.5,0.533948396416
yang,1,0.5,0.788651870725
neutral,1,0.5,0.501260112002
yang,2,0.5,0.815841369454
neutral,2,0.5,0.557069193248
yang,3,0.5,0.777308369711
neutral,3,0.5,0.518162846736
yang,4,0.5,0.77363280445
neutral,4,0.5,0.506742426147
yang,5,0.5,0.875414012291
neutral,5,0.5,0.490746077386
yang,6,0.5,0.804274179773
neutral,6,0.5,0.499097378087
yang,7,0.5,0.837901351554
neutral,7,0.5,0.475331974059
yang,8,0.5,0.816633169996
neutral,8,0.5,0.541454014699
yang,9,0.5,0.744120632839
neutral,9,0.5,0.500496035194
yang,10,0.5,0.87519434866
neutral,10,0.5,0.503118480437
yang,11,0.5,0.793181685938
neutral,11,0.5,0.50105383214
yang,12,0.5,0.819219005955
neutral,12,0.5,0.548552182216
yang,13,0.5,0.802362246745
neutral,13,0.5,0.507024123484
yang,14,0.5,0.807753960669
neutral,14,0.5,0.54541106027
yang,15,0.5,0.800739992647
neutral,15,0.5,0.513658587248
yang,16,0.5,0.78899721765
neutral,16,0.5,0.52565938169
yang,17,0.5,0.769923590703
neutral,17,0.5,0.489719954173
yang,18,0.5,0.82222818126
neutral,18,0.5,0.506337014636
yang,19,0.5,0.835428871839
neutral,19,0.5,0.50059591843
yang,20,0.5,0.820878105334
neutral,20,0.5,0.51030849679
yang,21,0.5,0.790170498435
neutral,21,0.5,0.515373470985
yang,22,0.5,0.806448931284
neutral,22,0.5,0.541542610506
yang,23,0.5,0.751007202468
neutral,23,0.5,0.498884519349
yang,24,0.5,0.816566055133
neutral,24,0.5,0.520146463876
yang,25,0.5,0.81026951951
neutral,25,0.5,0.49628264473
yang,26,0.5,0.749648245966
neutral,26,0.5,0.555422051268
yang,27,0.5,0.845320838289
neutral,27,0.5,0.492750010339
yang,28,0.5,0.78445549952
neutral,28,0.5,0.54225110411
yang,29,0.5,0.800861514402
neutral,29,0.5,0.518779314482
yang,30,0.5,0.801993251253
neutral,30,0.5,0.511320614701
yang,31,0.5,0.828549437377
neutral,31,0.5,0.523658530793
yang,32,0.5,0.819661653782
neutral,32,0.5,0.49281478833
yang,33,0.5,0.771058373651
neutral,33,0.5,0.520475045784
yang,34,0.5,0.783171208454
neutral,34,0.5,0.534737050574
yang,35,0.5,0.79558983918
neutral,35,0.5,0.53058768839
yang,36,0.5,0.775202388386
neutral,36,0.5,0.470514786804
yang,37,0.5,0.812124032014
neutral,37,0.5,0.487078367151
yang,38,0.5,0.762473516309
neutral,38,0.5,0.480013715918
yang,39,0.5,0.763203793131
neutral,39,0.5,0.480101869812
yang,40,0.5,0.79712861441
neutral,40,0.5,0.460318653459
yang,41,0.5,0.81813932797
neutral,41,0.5,0.544717772315
yang,42,0.5,0.749165193371
neutral,42,0.5,0.534352852973
yang,43,0.5,0.731705795333
neutral,43,0.5,0.437808179615
yang,44,0.5,0.83805430988
neutral,44,0.5,0.540344157506
yang,45,0.5,0.847825192573
neutral,45,0.5,0.545939466052
yang,46,0.5,0.792479532191
neutral,46,0.5,0.512105783388
yang,47,0.5,0.887397229474
neutral,47,0.5,0.465768669531
yang,48,0.5,0.761006581646
neutral,48,0.5,0.441407592075
yang,49,0.5,0.856958305975
neutral,49,0.5,0.488794192587
yang,0,0.6,0.771528122227
neutral,0,0.6,0.611096619535
yang,1,0.6,0.783411637392
neutral,1,0.6,0.483322860747
yang,2,0.6,0.778727645444
neutral,2,0.6,0.610449932706
yang,3,0.6,0.800305860242
neutral,3,0.6,0.605709714722
yang,4,0.6,0.861773441211
neutral,4,0.6,0.51332213364
yang,5,0.6,0.804085220957
neutral,5,0.6,0.595830279363
yang,6,0.6,0.810751621271
neutral,6,0.6,0.637478562516
yang,7,0.6,0.867888657871
neutral,7,0.6,0.646255968169
yang,8,0.6,0.775286016521
neutral,8,0.6,0.543049438401
yang,9,0.6,0.826402278338
neutral,9,0.6,0.601289452977
yang,10,0.6,0.856784588656
neutral,10,0.6,0.566056738149
yang,11,0.6,0.789728101578
neutral,11,0.6,0.5831433549
yang,12,0.6,0.74991281958
neutral,12,0.6,0.540724835858
yang,13,0.6,0.801381585619
neutral,13,0.6,0.544663823287
yang,14,0.6,0.809835498706
neutral,14,0.6,0.611512613895
yang,15,0.6,0.82947218825
neutral,15,0.6,0.597194870737
yang,16,0.6,0.849583002229
neutral,16,0.6,0.535812906388
yang,17,0.6,0.782669989311
neutral,17,0.6,0.585692846744
yang,18,0.6,0.861706016421
neutral,18,0.6,0.554978423811
yang,19,0.6,0.871726558855
neutral,19,0.6,0.563294497795
yang,20,0.6,0.819402239364
neutral,20,0.6,0.542708403402
yang,21,0.6,0.803859247635
neutral,21,0.6,0.564791325052
yang,22,0.6,0.769425639918
neutral,22,0.6,0.598123117592
yang,23,0.6,0.802113259492
neutral,23,0.6,0.584609660036
yang,24,0.6,0.764303377914
neutral,24,0.6,0.562588784235
yang,25,0.6,0.929167924736
neutral,25,0.6,0.570982619353
yang,26,0.6,0.81524336972
neutral,26,0.6,0.625640682681
yang,27,0.6,0.807256515432
neutral,27,0.6,0.568413208607
yang,28,0.6,0.869149358032
neutral,28,0.6,0.577101489554
yang,29,0.6,0.757639395001
neutral,29,0.6,0.620479923613
yang,30,0.6,0.827277499636
neutral,30,0.6,0.604645298906
yang,31,0.6,0.792291212807
neutral,31,0.6,0.546102984739
yang,32,0.6,0.844454617302
neutral,32,0.6,0.546099600254
yang,33,0.6,0.8173005074
neutral,33,0.6,0.533555684402
yang,34,0.6,0.817372892906
neutral,34,0.6,0.542504633174
yang,35,0.6,0.789221669708
neutral,35,0.6,0.58806245349
yang,36,0.6,0.847158374224
neutral,36,0.6,0.562870550461
yang,37,0.6,0.835694364895
neutral,37,0.6,0.619719483951
yang,38,0.6,0.759485307039
neutral,38,0.6,0.583727192093
yang,39,0.6,0.769182613409
neutral,39,0.6,0.584308839137
yang,40,0.6,0.919736098609
neutral,40,0.6,0.618673207683
yang,41,0.6,0.819007258911
neutral,41,0.6,0.595334295919
yang,42,0.6,0.800742211103
neutral,42,0.6,0.613485983811
yang,43,0.6,0.880571285209
neutral,43,0.6,0.541572278158
yang,44,0.6,0.745591668319
neutral,44,0.6,0.55635471956
yang,45,0.6,0.82282560773
neutral,45,0.6,0.582352888599
yang,46,0.6,0.884795590672
neutral,46,0.6,0.574150748767
yang,47,0.6,0.800283342416
neutral,47,0.6,0.577884497184
yang,48,0.6,0.841547029272
neutral,48,0.6,0.55058593839
yang,49,0.6,0.817019387931
neutral,49,0.6,0.599102565371
yang,0,0.7,0.837688640492
neutral,0,0.7,0.617455600051
yang,1,0.7,0.855392913945
neutral,1,0.7,0.565129086531
yang,2,0.7,0.896692314185
neutral,2,0.7,0.594936997055
yang,3,0.7,0.84076443028
neutral,3,0.7,0.607619865627
yang,4,0.7,0.756129688683
neutral,4,0.7,0.625584341495
yang,5,0.7,0.737088578045
neutral,5,0.7,0.722165802927
yang,6,0.7,0.800653060023
neutral,6,0.7,0.637841304256
yang,7,0.7,0.787845061037
neutral,7,0.7,0.639348639023
yang,8,0.7,0.705977684138
neutral,8,0.7,0.706051434194
yang,9,0.7,0.849027888344
neutral,9,0.7,0.625580845189
yang,10,0.7,0.769587457435
neutral,10,0.7,0.6142839103
yang,11,0.7,0.772377852835
neutral,11,0.7,0.612207371021
yang,12,0.7,0.776558191559
neutral,12,0.7,0.645544356356
yang,13,0.7,0.82520011822
neutral,13,0.7,0.62961337799
yang,14,0.7,0.817335650691
neutral,14,0.7,0.588691352428
yang,15,0.7,0.794860961548
neutral,15,0.7,0.609557429317
yang,16,0.7,0.786494314281
neutral,16,0.7,0.620902198603
yang,17,0.7,0.817603441777
neutral,17,0.7,0.565862387883
yang,18,0.7,0.760394387795
neutral,18,0.7,0.652076324471
yang,19,0.7,0.845898950247
neutral,19,0.7,0.60475798963
yang,20,0.7,0.864814559739
neutral,20,0.7,0.590591992735
yang,21,0.7,0.858174306965
neutral,21,0.7,0.673489785492
yang,22,0.7,0.740982737451
neutral,22,0.7,0.579228396871
yang,23,0.7,0.751758917314
neutral,23,0.7,0.646665545814
yang,24,0.7,0.785643610759
neutral,24,0.7,0.614959140327
yang,25,0.7,0.800750354518
neutral,25,0.7,0.643800701275
yang,26,0.7,0.837779624396
neutral,26,0.7,0.629390661049
yang,27,0.7,0.792707583619
neutral,27,0.7,0.619128073782
yang,28,0.7,0.784566965439
neutral,28,0.7,0.635882636547
yang,29,0.7,0.831303746801
neutral,29,0.7,0.620246967091
yang,30,0.7,0.81846836328
neutral,30,0.7,0.659588206383
yang,31,0.7,0.851047776799
neutral,31,0.7,0.668814877515
yang,32,0.7,0.75701960501
neutral,32,0.7,0.635353594446
yang,33,0.7,0.773280182564
neutral,33,0.7,0.646680318176
yang,34,0.7,0.774054188885
neutral,34,0.7,0.641484272558
yang,35,0.7,0.774971740924
neutral,35,0.7,0.569617000991
yang,36,0.7,0.795788579405
neutral,36,0.7,0.628525468832
yang,37,0.7,0.854575864327
neutral,37,0.7,0.589404331481
yang,38,0.7,0.793112745008
neutral,38,0.7,0.646623107066
yang,39,0.7,0.750491548295
neutral,39,0.7,0.587974836371
yang,40,0.7,0.837527170147
neutral,40,0.7,0.637531861488
yang,41,0.7,0.862253220614
neutral,41,0.7,0.672917794358
yang,42,0.7,0.807786483149
neutral,42,0.7,0.63352783543
yang,43,0.7,0.797837615677
neutral,43,0.7,0.600792085372
yang,44,0.7,0.77645479453
neutral,44,0.7,0.614764214613
yang,45,0.7,0.879843056445
neutral,45,0.7,0.556306754846
yang,46,0.7,0.799250869099
neutral,46,0.7,0.600286714827
yang,47,0.7,0.755774867334
neutral,47,0.7,0.618605515954
yang,48,0.7,0.746063208691
neutral,48,0.7,0.600837002136
yang,49,0.7,0.798323961832
neutral,49,0.7,0.570813499134
yang,0,0.8,0.716100416844
neutral,0,0.8,0.695464593436
yang,1,0.8,0.792517579155
neutral,1,0.8,0.68657848184
yang,2,0.8,0.848957869489
neutral,2,0.8,0.644481310573
yang,3,0.8,0.861257369783
neutral,3,0.8,0.6814111898
yang,4,0.8,0.753495240151
neutral,4,0.8,0.674273417536
yang,5,0.8,0.786626110204
neutral,5,0.8,0.709632744989
yang,6,0.8,0.835530904305
neutral,6,0.8,0.753375208596
yang,7,0.8,0.764253345712
neutral,7,0.8,0.634429094042
yang,8,0.8,0.811054323197
neutral,8,0.8,0.665721110634
yang,9,0.8,0.897507558923
neutral,9,0.8,0.663478245384
yang,10,0.8,0.789400815755
neutral,10,0.8,0.734758673345
yang,11,0.8,0.798785284967
neutral,11,0.8,0.64667636903
yang,12,0.8,0.787877759714
neutral,12,0.8,0.734968894233
yang,13,0.8,0.769701602158
neutral,13,0.8,0.687594530219
yang,14,0.8,0.790715772992
neutral,14,0.8,0.672380472401
yang,15,0.8,0.862008666063
neutral,15,0.8,0.675616143039
yang,16,0.8,0.851098816909
neutral,16,0.8,0.754398045458
yang,17,0.8,0.798966651818
neutral,17,0.8,0.659192043954
yang,18,0.8,0.817096150392
neutral,18,0.8,0.769354202251
yang,19,0.8,0.813476477189
neutral,19,0.8,0.689976527715
yang,20,0.8,0.844540987726
neutral,20,0.8,0.705022024536
yang,21,0.8,0.811565479557
neutral,21,0.8,0.657821485321
yang,22,0.8,0.800001039938
neutral,22,0.8,0.671209432935
yang,23,0.8,0.791457106056
neutral,23,0.8,0.716737672134
yang,24,0.8,0.839679241796
neutral,24,0.8,0.663177092546
yang,25,0.8,0.82308619863
neutral,25,0.8,0.682349742289
yang,26,0.8,0.844453371117
neutral,26,0.8,0.652951151006
yang,27,0.8,0.777621398493
neutral,27,0.8,0.700645908487
yang,28,0.8,0.78493429115
neutral,28,0.8,0.695577942826
yang,29,0.8,0.80178264139
neutral,29,0.8,0.69712869097
yang,30,0.8,0.775606473307
neutral,30,0.8,0.663238774745
yang,31,0.8,0.786767183145
neutral,31,0.8,0.713311166211
yang,32,0.8,0.822250052586
neutral,32,0.8,0.748693197176
yang,33,0.8,0.797220745091
neutral,33,0.8,0.6496437576
yang,34,0.8,0.855152519643
neutral,34,0.8,0.622365411043
yang,35,0.8,0.776526261974
neutral,35,0.8,0.725726002395
yang,36,0.8,0.799391773804
neutral,36,0.8,0.662942905565
yang,37,0.8,0.800173453149
neutral,37,0.8,0.663648823193
yang,38,0.8,0.841987050678
neutral,38,0.8,0.683368269336
yang,39,0.8,0.766437912963
neutral,39,0.8,0.73356804505
yang,40,0.8,0.795387785046
neutral,40,0.8,0.682645203212
yang,41,0.8,0.801147875132
neutral,41,0.8,0.661474040254
yang,42,0.8,0.916191554996
neutral,42,0.8,0.688947641432
yang,43,0.8,0.840667761294
neutral,43,0.8,0.706779850433
yang,44,0.8,0.772373910944
neutral,44,0.8,0.708071625134
yang,45,0.8,0.799607831133
neutral,45,0.8,0.643624314224
yang,46,0.8,0.819145402514
neutral,46,0.8,0.673962967166
yang,47,0.8,0.821899817414
neutral,47,0.8,0.69336828901
yang,48,0.8,0.842133655355
neutral,48,0.8,0.666472964184
yang,49,0.8,0.779868836756
neutral,49,0.8,0.715557440152
yang,0,0.9,0.792056400688
neutral,0,0.9,0.782914743624
yang,1,0.9,0.780241539363
neutral,1,0.9,0.720804679096
yang,2,0.9,0.868961494098
neutral,2,0.9,0.755581799894
yang,3,0.9,0.770909201654
neutral,3,0.9,0.757475898386
yang,4,0.9,0.849774516053
neutral,4,0.9,0.7212895275
yang,5,0.9,0.812602020396
neutral,5,0.9,0.769888981164
yang,6,0.9,0.808363613679
neutral,6,0.9,0.740909384917
yang,7,0.9,0.768764574505
neutral,7,0.9,0.772507838774
yang,8,0.9,0.788298321919
neutral,8,0.9,0.764686722196
yang,9,0.9,0.799975178787
neutral,9,0.9,0.740405819367
yang,10,0.9,0.832752537864
neutral,10,0.9,0.777060303349
yang,11,0.9,0.772839844691
neutral,11,0.9,0.724003014778
yang,12,0.9,0.886585024561
neutral,12,0.9,0.69700170874
yang,13,0.9,0.851696213139
neutral,13,0.9,0.741997305251
yang,14,0.9,0.878247594997
neutral,14,0.9,0.752309738736
yang,15,0.9,0.829781528795
neutral,15,0.9,0.75895593884
yang,16,0.9,0.789031891256
neutral,16,0.9,0.747399493841
yang,17,0.9,0.783908630685
neutral,17,0.9,0.739305116328
yang,18,0.9,0.818914951209
neutral,18,0.9,0.741566330718
yang,19,0.9,0.841144352471
neutral,19,0.9,0.695134723405
yang,20,0.9,0.760275090649
neutral,20,0.9,0.727385805139
yang,21,0.9,0.79294745918
neutral,21,0.9,0.744537239754
yang,22,0.9,0.820142399554
neutral,22,0.9,0.74669097355
yang,23,0.9,0.817875747048
neutral,23,0.9,0.749115744563
yang,24,0.9,0.883919830729
neutral,24,0.9,0.80013266504
yang,25,0.9,0.826418985178
neutral,25,0.9,0.817866362537
yang,26,0.9,0.803486414695
neutral,26,0.9,0.700527898107
yang,27,0.9,0.850515882631
neutral,27,0.9,0.783651954671
yang,28,0.9,0.783771421051
neutral,28,0.9,0.719448318105
yang,29,0.9,0.741431491604
neutral,29,0.9,0.741647663763
yang,30,0.9,0.822262219988
neutral,30,0.9,0.759031109847
yang,31,0.9,0.784994441928
neutral,31,0.9,0.73946704908
yang,32,0.9,0.768010370093
neutral,32,0.9,0.753380636127
yang,33,0.9,0.869934612772
neutral,33,0.9,0.719815029087
yang,34,0.9,0.765077152741
neutral,34,0.9,0.674503918507
yang,35,0.9,0.817682982116
neutral,35,0.9,0.808125256922
yang,36,0.9,0.778265511832
neutral,36,0.9,0.700388825685
yang,37,0.9,0.883741293416
neutral,37,0.9,0.661038196477
yang,38,0.9,0.848342888555
neutral,38,0.9,0.749570236228
yang,39,0.9,0.752899449897
neutral,39,0.9,0.797717921372
yang,40,0.9,0.774882454243
neutral,40,0.9,0.737002450246
yang,41,0.9,0.779818554714
neutral,41,0.9,0.781411321512
yang,42,0.9,0.834866452018
neutral,42,0.9,0.765705994242
yang,43,0.9,0.88887950611
neutral,43,0.9,0.780039754476
yang,44,0.9,0.800462182805
neutral,44,0.9,0.793185478189
yang,45,0.9,0.771712691564
neutral,45,0.9,0.779719913784
yang,46,0.9,0.850542078686
neutral,46,0.9,0.713631624532
yang,47,0.9,0.791422907988
neutral,47,0.9,0.737194269536
yang,48,0.9,0.841305040496
neutral,48,0.9,0.724851134445
yang,49,0.9,0.844566747604
neutral,49,0.9,0.750960980159
yang,0,1.0,0.789838782561
neutral,0,1.0,0.744728943116
yang,1,1.0,0.805516098394
neutral,1,1.0,0.732731040351
yang,2,1.0,0.843876273657
neutral,2,1.0,0.776829364401
yang,3,1.0,0.855957452972
neutral,3,1.0,0.854670043028
yang,4,1.0,0.818196564628
neutral,4,1.0,0.899070379569
yang,5,1.0,0.792577518053
neutral,5,1.0,0.854466544836
yang,6,1.0,0.811451218117
neutral,6,1.0,0.837036031437
yang,7,1.0,0.837207051884
neutral,7,1.0,0.865731552822
yang,8,1.0,0.734345362822
neutral,8,1.0,0.79135533329
yang,9,1.0,0.854426986002
neutral,9,1.0,0.802724335852
yang,10,1.0,0.791977742211
neutral,10,1.0,0.794464374991
yang,11,1.0,0.765917648323
neutral,11,1.0,0.825445121208
yang,12,1.0,0.891935847146
neutral,12,1.0,0.765142921302
yang,13,1.0,0.81052009237
neutral,13,1.0,0.756373313694
yang,14,1.0,0.795586424285
neutral,14,1.0,0.813089228178
yang,15,1.0,0.758323704743
neutral,15,1.0,0.880247377562
yang,16,1.0,0.816520915254
neutral,16,1.0,0.778714291081
yang,17,1.0,0.775931133192
neutral,17,1.0,0.841805632508
yang,18,1.0,0.739695677843
neutral,18,1.0,0.79438190778
yang,19,1.0,0.858021299828
neutral,19,1.0,0.79501359116
yang,20,1.0,0.849098067225
neutral,20,1.0,0.756409393182
yang,21,1.0,0.84552797983
neutral,21,1.0,0.799863834603
yang,22,1.0,0.765388275367
neutral,22,1.0,0.810341775532
yang,23,1.0,0.829049684692
neutral,23,1.0,0.768288674827
yang,24,1.0,0.793982847515
neutral,24,1.0,0.826564563312
yang,25,1.0,0.846637516391
neutral,25,1.0,0.754309521707
yang,26,1.0,0.719696411839
neutral,26,1.0,0.779077399257
yang,27,1.0,0.813903022635
neutral,27,1.0,0.753051658639
yang,28,1.0,0.816085152077
neutral,28,1.0,0.770322327969
yang,29,1.0,0.842476551301
neutral,29,1.0,0.798817052297
yang,30,1.0,0.766174851194
neutral,30,1.0,0.798801707705
yang,31,1.0,0.803507890861
neutral,31,1.0,0.834141131434
yang,32,1.0,0.880824259365
neutral,32,1.0,0.875656093723
yang,33,1.0,0.80737947952
neutral,33,1.0,0.810086045239
yang,34,1.0,0.812808283654
neutral,34,1.0,0.773674846606
yang,35,1.0,0.809352526108
neutral,35,1.0,0.79978941326
yang,36,1.0,0.83356770631
neutral,36,1.0,0.78143098747
yang,37,1.0,0.812143444034
neutral,37,1.0,0.758231858023
yang,38,1.0,0.858144164381
neutral,38,1.0,0.737075022907
yang,39,1.0,0.798272783795
neutral,39,1.0,0.823407977989
yang,40,1.0,0.772848245332
neutral,40,1.0,0.792582964152
yang,41,1.0,0.787703877361
neutral,41,1.0,0.802435584686
yang,42,1.0,0.777862896871
neutral,42,1.0,0.769190039122
yang,43,1.0,0.857382534796
neutral,43,1.0,0.82849022579
yang,44,1.0,0.779106491394
neutral,44,1.0,0.805043200129
yang,45,1.0,0.838808212239
neutral,45,1.0,0.838112440776
yang,46,1.0,0.801554055901
neutral,46,1.0,0.78575353133
yang,47,1.0,0.787799663616
neutral,47,1.0,0.834790316657
yang,48,1.0,0.746914007246
neutral,48,1.0,0.76737093279
yang,49,1.0,0.794674679175
neutral,49,1.0,0.880465933105
yang,0,1.1,0.832926810299
neutral,0,1.1,0.901994835168
yang,1,1.1,0.758020621616
neutral,1,1.1,0.936254826322
yang,2,1.1,0.809509921948
neutral,2,1.1,0.837365284555
yang,3,1.1,0.802139774009
neutral,3,1.1,0.830752356985
yang,4,1.1,0.766287483362
neutral,4,1.1,0.800416403858
yang,5,1.1,0.762601749927
neutral,5,1.1,0.848488282363
yang,6,1.1,0.791927911769
neutral,6,1.1,0.844196300671
yang,7,1.1,0.777561779401
neutral,7,1.1,0.901279577615
yang,8,1.1,0.814281539865
neutral,8,1.1,0.869231548318
yang,9,1.1,0.78929120974
neutral,9,1.1,0.817893499196
yang,10,1.1,0.829193654169
neutral,10,1.1,0.852000474023
yang,11,1.1,0.830311330762
neutral,11,1.1,0.908613500499
yang,12,1.1,0.842401394488
neutral,12,1.1,0.83820255631
yang,13,1.1,0.767838911428
neutral,13,1.1,0.900982522729
yang,14,1.1,0.810089986908
neutral,14,1.1,0.849043303658
yang,15,1.1,0.839786338696
neutral,15,1.1,0.883976090452
yang,16,1.1,0.757348545401
neutral,16,1.1,0.885305422436
yang,17,1.1,0.798258594494
neutral,17,1.1,0.902577631603
yang,18,1.1,0.853416021229
neutral,18,1.1,0.938539769188
yang,19,1.1,0.821925021481
neutral,19,1.1,0.838552109655
yang,20,1.1,0.816224995217
neutral,20,1.1,0.925415612257
yang,21,1.1,0.773382516047
neutral,21,1.1,0.73959258982
yang,22,1.1,0.764819254176
neutral,22,1.1,0.888859683303
yang,23,1.1,0.846713457728
neutral,23,1.1,0.899462505346
yang,24,1.1,0.838043758041
neutral,24,1.1,0.875093232709
yang,25,1.1,0.763435269953
neutral,25,1.1,0.845201374666
yang,26,1.1,0.818387116039
neutral,26,1.1,0.908360202014
yang,27,1.1,0.787186163236
neutral,27,1.1,0.876946577161
yang,28,1.1,0.834002778492
neutral,28,1.1,0.861518672078
yang,29,1.1,0.796006060994
neutral,29,1.1,0.867179665366
yang,30,1.1,0.845995989825
neutral,30,1.1,0.932522810259
yang,31,1.1,0.794085239591
neutral,31,1.1,0.849676796956
yang,32,1.1,0.828953463613
neutral,32,1.1,0.876804001867
yang,33,1.1,0.833818640173
neutral,33,1.1,0.917009971267
yang,34,1.1,0.835099571005
neutral,34,1.1,0.879478610115
yang,35,1.1,0.792816435795
neutral,35,1.1,0.848181355856
yang,36,1.1,0.758597306391
neutral,36,1.1,0.867726839394
yang,37,1.1,0.805816883083
neutral,37,1.1,0.923598279686
yang,38,1.1,0.762945144689
neutral,38,1.1,0.862549189017
yang,39,1.1,0.822442175336
neutral,39,1.1,0.888125455707
yang,40,1.1,0.773342615983
neutral,40,1.1,0.887567336265
yang,41,1.1,0.722248339493
neutral,41,1.1,0.900904620295
yang,42,1.1,0.829586906622
neutral,42,1.1,0.885353645105
yang,43,1.1,0.826140522879
neutral,43,1.1,1.0069437782
yang,44,1.1,0.811715702183
neutral,44,1.1,0.815756461604
yang,45,1.1,0.774922467942
neutral,45,1.1,0.868140023737
yang,46,1.1,0.726188458556
neutral,46,1.1,0.877637488969
yang,47,1.1,0.828194363531
neutral,47,1.1,0.851664842676
yang,48,1.1,0.78700910346
neutral,48,1.1,0.920505157227
yang,49,1.1,0.741745702304
neutral,49,1.1,0.87520850588
yang,0,1.2,0.799937048504
neutral,0,1.2,0.83544423117
yang,1,1.2,0.780096119239
neutral,1,1.2,0.947182415147
yang,2,1.2,0.809372157393
neutral,2,1.2,0.958263099319
yang,3,1.2,0.818863604721
neutral,3,1.2,0.936603491921
yang,4,1.2,0.730821233859
neutral,4,1.2,0.968044223799
yang,5,1.2,0.729742523282
neutral,5,1.2,0.96658708036
yang,6,1.2,0.799795561955
neutral,6,1.2,0.856770187808
yang,7,1.2,0.825686560635
neutral,7,1.2,0.971512966755
yang,8,1.2,0.819754872309
neutral,8,1.2,0.925609407599
yang,9,1.2,0.752845793944
neutral,9,1.2,1.02570293011
yang,10,1.2,0.82937775921
neutral,10,1.2,0.936278667126
yang,11,1.2,0.822162940424
neutral,11,1.2,0.951077527231
yang,12,1.2,0.803428696334
neutral,12,1.2,0.916698809568
yang,13,1.2,0.845207309077
neutral,13,1.2,0.894665256317
yang,14,1.2,0.81920391124
neutral,14,1.2,0.959626992832
yang,15,1.2,0.871045862913
neutral,15,1.2,0.883552207348
yang,16,1.2,0.795204541608
neutral,16,1.2,0.950908569595
yang,17,1.2,0.847799085473
neutral,17,1.2,0.912171535157
yang,18,1.2,0.801192635056
neutral,18,1.2,0.938906331788
yang,19,1.2,0.840554989711
neutral,19,1.2,0.937380019134
yang,20,1.2,0.831631327158
neutral,20,1.2,0.962458933515
yang,21,1.2,0.818102835059
neutral,21,1.2,0.897247175915
yang,22,1.2,0.837546510255
neutral,22,1.2,0.904792220783
yang,23,1.2,0.837135865282
neutral,23,1.2,0.906383775539
yang,24,1.2,0.734447223993
neutral,24,1.2,0.861303128749
yang,25,1.2,0.732678943348
neutral,25,1.2,0.910044417303
yang,26,1.2,0.810601657292
neutral,26,1.2,1.01855367228
yang,27,1.2,0.746836468717
neutral,27,1.2,0.917120785863
yang,28,1.2,0.784013898575
neutral,28,1.2,0.880863301013
yang,29,1.2,0.853341162489
neutral,29,1.2,0.859628100639
yang,30,1.2,0.847907614009
neutral,30,1.2,0.876148069416
yang,31,1.2,0.802126398145
neutral,31,1.2,0.8870540328
yang,32,1.2,0.750989930512
neutral,32,1.2,0.909598355414
yang,33,1.2,0.813171556709
neutral,33,1.2,0.862145040462
yang,34,1.2,0.830931992706
neutral,34,1.2,0.990249924547
yang,35,1.2,0.747367387373
neutral,35,1.2,0.91545947334
yang,36,1.2,0.775441123815
neutral,36,1.2,0.914934073789
yang,37,1.2,0.788613993738
neutral,37,1.2,0.903912261919
yang,38,1.2,0.799586831517
neutral,38,1.2,0.951233382038
yang,39,1.2,0.816493021937
neutral,39,1.2,0.862019457808
yang,40,1.2,0.795241495299
neutral,40,1.2,0.86286130421
yang,41,1.2,0.782914371978
neutral,41,1.2,0.891096117026
yang,42,1.2,0.790895646286
neutral,42,1.2,0.946228006406
yang,43,1.2,0.833359277057
neutral,43,1.2,0.922003644334
yang,44,1.2,0.776980191411
neutral,44,1.2,0.958668725259
yang,45,1.2,0.806974620081
neutral,45,1.2,0.904993653413
yang,46,1.2,0.800641041451
neutral,46,1.2,0.933811336752
yang,47,1.2,0.814146902127
neutral,47,1.2,0.917616083889
yang,48,1.2,0.801605488265
neutral,48,1.2,0.903765744303
yang,49,1.2,0.811278546349
neutral,49,1.2,0.906821517043
yang,0,1.3,0.795758504705
neutral,0,1.3,0.967123499566
yang,1,1.3,0.859637455086
neutral,1,1.3,0.980544376537
yang,2,1.3,0.832359579095
neutral,2,1.3,1.00653647622
yang,3,1.3,0.802914680854
neutral,3,1.3,1.02450002257
yang,4,1.3,0.783159647314
neutral,4,1.3,0.991141508397
yang,5,1.3,0.809000426814
neutral,5,1.3,0.993845614976
yang,6,1.3,0.773020691081
neutral,6,1.3,0.938588146073
yang,7,1.3,0.84330013946
neutral,7,1.3,0.978824779761
yang,8,1.3,0.796766314479
neutral,8,1.3,1.0242480503
yang,9,1.3,0.811291365778
neutral,9,1.3,1.02530675129
yang,10,1.3,0.894437797962
neutral,10,1.3,1.01334472241
yang,11,1.3,0.815115631378
neutral,11,1.3,1.06826870155
yang,12,1.3,0.772916500831
neutral,12,1.3,1.04774702935
yang,13,1.3,0.823503077402
neutral,13,1.3,1.00389697903
yang,14,1.3,0.86911120562
neutral,14,1.3,0.942616431379
yang,15,1.3,0.890501197691
neutral,15,1.3,0.903338900148
yang,16,1.3,0.760102749316
neutral,16,1.3,0.994759697043
yang,17,1.3,0.77695145627
neutral,17,1.3,0.984564347269
yang,18,1.3,0.826061647968
neutral,18,1.3,1.02113308775
yang,19,1.3,0.823084537662
neutral,19,1.3,1.04664429083
yang,20,1.3,0.819356705416
neutral,20,1.3,0.882884021647
yang,21,1.3,0.806490375105
neutral,21,1.3,0.942635699911
yang,22,1.3,0.829713944801
neutral,22,1.3,0.945299443906
yang,23,1.3,0.852680040352
neutral,23,1.3,0.910557957472
yang,24,1.3,0.827125457144
neutral,24,1.3,0.989373607552
yang,25,1.3,0.818581057005
neutral,25,1.3,0.93722248915
yang,26,1.3,0.849705373631
neutral,26,1.3,1.00180890935
yang,27,1.3,0.811634233299
neutral,27,1.3,1.08817561942
yang,28,1.3,0.800238145223
neutral,28,1.3,0.943509649191
yang,29,1.3,0.828046941666
neutral,29,1.3,1.02268738433
yang,30,1.3,0.763305787373
neutral,30,1.3,0.953848774701
yang,31,1.3,0.826776034909
neutral,31,1.3,1.0097595028
yang,32,1.3,0.839386910013
neutral,32,1.3,0.986244628741
yang,33,1.3,0.79914254315
neutral,33,1.3,1.0063120082
yang,34,1.3,0.714168928419
neutral,34,1.3,0.995043359518
yang,35,1.3,0.814897562052
neutral,35,1.3,0.93008915852
yang,36,1.3,0.749147808079
neutral,36,1.3,1.01699342058
yang,37,1.3,0.782127831687
neutral,37,1.3,1.0604024515
yang,38,1.3,0.77175933483
neutral,38,1.3,0.94377481436
yang,39,1.3,0.822398517916
neutral,39,1.3,1.05767465241
yang,40,1.3,0.837139992281
neutral,40,1.3,0.999655699093
yang,41,1.3,0.777156403891
neutral,41,1.3,0.951314397821
yang,42,1.3,0.806025398461
neutral,42,1.3,1.08176746452
yang,43,1.3,0.821469060069
neutral,43,1.3,0.972361069265
yang,44,1.3,0.824685311676
neutral,44,1.3,1.06964255726
yang,45,1.3,0.819911926685
neutral,45,1.3,0.946062954859
yang,46,1.3,0.795754952412
neutral,46,1.3,1.03739409977
yang,47,1.3,0.774999643007
neutral,47,1.3,1.00926501686
yang,48,1.3,0.814344673644
neutral,48,1.3,0.988948707592
yang,49,1.3,0.75770922171
neutral,49,1.3,0.909407452593
yang,0,1.4,0.818600255333
neutral,0,1.4,1.03364653564
yang,1,1.4,0.815505128069
neutral,1,1.4,1.03860560357
yang,2,1.4,0.778071162592
neutral,2,1.4,1.03525070077
yang,3,1.4,0.806554030734
neutral,3,1.4,1.13213763802
yang,4,1.4,0.811291111369
neutral,4,1.4,1.00873550954
yang,5,1.4,0.762827484089
neutral,5,1.4,0.997306510489
yang,6,1.4,0.761731307567
neutral,6,1.4,1.07844415364
yang,7,1.4,0.822428487441
neutral,7,1.4,1.07924069924
yang,8,1.4,0.830711846627
neutral,8,1.4,1.10006189409
yang,9,1.4,0.806641848848
neutral,9,1.4,0.977223504385
yang,10,1.4,0.828137331373
neutral,10,1.4,1.07517376893
yang,11,1.4,0.839994882225
neutral,11,1.4,1.04724679416
yang,12,1.4,0.794648530326
neutral,12,1.4,1.05718014978
yang,13,1.4,0.857715099927
neutral,13,1.4,1.1056116115
yang,14,1.4,0.780855643581
neutral,14,1.4,1.03596988192
yang,15,1.4,0.795536855698
neutral,15,1.4,1.05866477012
yang,16,1.4,0.776286383534
neutral,16,1.4,1.04108538983
yang,17,1.4,0.808187813644
neutral,17,1.4,1.1203088379
yang,18,1.4,0.783786928795
neutral,18,1.4,0.983211226691
yang,19,1.4,0.792504116029
neutral,19,1.4,1.07711900025
yang,20,1.4,0.816032070448
neutral,20,1.4,0.960463206583
yang,21,1.4,0.8064469491
neutral,21,1.4,0.999509279897
yang,22,1.4,0.76725270096
neutral,22,1.4,0.956589537562
yang,23,1.4,0.805002139393
neutral,23,1.4,1.15822432601
yang,24,1.4,0.828631761573
neutral,24,1.4,1.04962983789
yang,25,1.4,0.797400047098
neutral,25,1.4,1.06871195539
yang,26,1.4,0.806849973373
neutral,26,1.4,1.11461897265
yang,27,1.4,0.807280096863
neutral,27,1.4,1.05555716531
yang,28,1.4,0.802093132789
neutral,28,1.4,1.10176009133
yang,29,1.4,0.774362117086
neutral,29,1.4,1.12802413652
yang,30,1.4,0.828850121142
neutral,30,1.4,1.09726270572
yang,31,1.4,0.823182957081
neutral,31,1.4,1.05892700068
yang,32,1.4,0.768328723768
neutral,32,1.4,1.00025448754
yang,33,1.4,0.816199539846
neutral,33,1.4,1.10749484785
yang,34,1.4,0.735369473948
neutral,34,1.4,1.15452443265
yang,35,1.4,0.851042495667
neutral,35,1.4,1.09990236607
yang,36,1.4,0.825438157489
neutral,36,1.4,0.998731760723
yang,37,1.4,0.827548251284
neutral,37,1.4,1.12426365309
yang,38,1.4,0.83112184513
neutral,38,1.4,1.07980144585
yang,39,1.4,0.774381009568
neutral,39,1.4,0.992362885317
yang,40,1.4,0.774649949527
neutral,40,1.4,1.06054589793
yang,41,1.4,0.758825317086
neutral,41,1.4,1.08103103161
yang,42,1.4,0.839110200842
neutral,42,1.4,1.07844264424
yang,43,1.4,0.836120961265
neutral,43,1.4,1.0481136627
yang,44,1.4,0.819006782318
neutral,44,1.4,1.07867543173
yang,45,1.4,0.810175183728
neutral,45,1.4,1.07093250407
yang,46,1.4,0.82100072992
neutral,46,1.4,1.05788333122
yang,47,1.4,0.765705293843
neutral,47,1.4,1.08390596723
yang,48,1.4,0.761433320244
neutral,48,1.4,1.07887624392
yang,49,1.4,0.806187968179
neutral,49,1.4,0.981525451612
yang,0,1.5,0.841373094584
neutral,0,1.5,1.18876131768
yang,1,1.5,0.790144667849
neutral,1,1.5,1.01220767886
yang,2,1.5,0.814508863297
neutral,2,1.5,1.1330266228
yang,3,1.5,0.805931258685
neutral,3,1.5,1.05679383869
yang,4,1.5,0.828733817689
neutral,4,1.5,1.14577245509
yang,5,1.5,0.830157258105
neutral,5,1.5,0.989993080833
yang,6,1.5,0.819972608875
neutral,6,1.5,1.13545857274
yang,7,1.5,0.826676272885
neutral,7,1.5,1.07192216368
yang,8,1.5,0.897000634098
neutral,8,1.5,1.12862814799
yang,9,1.5,0.777811094
neutral,9,1.5,1.09322830623
yang,10,1.5,0.845701852443
neutral,10,1.5,0.979960267318
yang,11,1.5,0.757650158322
neutral,11,1.5,1.08389811179
yang,12,1.5,0.829170511658
neutral,12,1.5,1.16838728312
yang,13,1.5,0.807263775288
neutral,13,1.5,1.0960019018
yang,14,1.5,0.796290903745
neutral,14,1.5,1.07307354933
yang,15,1.5,0.781163269438
neutral,15,1.5,1.14951650683
yang,16,1.5,0.809445711547
neutral,16,1.5,1.09732131075
yang,17,1.5,0.882598581278
neutral,17,1.5,1.07628992855
yang,18,1.5,0.857504777284
neutral,18,1.5,1.14397763871
yang,19,1.5,0.822572645392
neutral,19,1.5,1.12228909568
yang,20,1.5,0.785503523883
neutral,20,1.5,1.05842017676
yang,21,1.5,0.791898706924
neutral,21,1.5,1.09086797839
yang,22,1.5,0.800332600095
neutral,22,1.5,1.1512636407
yang,23,1.5,0.843942600492
neutral,23,1.5,1.12060491262
yang,24,1.5,0.800354296179
neutral,24,1.5,1.14244193612
yang,25,1.5,0.795387771286
neutral,25,1.5,1.09860449228
yang,26,1.5,0.810515391752
neutral,26,1.5,1.13116339593
yang,27,1.5,0.827701613243
neutral,27,1.5,1.07937800055
yang,28,1.5,0.781856614217
neutral,28,1.5,1.15442164036
yang,29,1.5,0.811786665761
neutral,29,1.5,1.20227681025
yang,30,1.5,0.885677587203
neutral,30,1.5,0.993117422486
yang,31,1.5,0.78388600397
neutral,31,1.5,1.09780631277
yang,32,1.5,0.798674405012
neutral,32,1.5,1.12227707208
yang,33,1.5,0.831114269127
neutral,33,1.5,1.03337864045
yang,34,1.5,0.7645352511
neutral,34,1.5,0.991217975884
yang,35,1.5,0.75037255816
neutral,35,1.5,1.15040487829
yang,36,1.5,0.822440783946
neutral,36,1.5,1.14837332974
yang,37,1.5,0.785269400238
neutral,37,1.5,1.13087503445
yang,38,1.5,0.838015257949
neutral,38,1.5,1.12572496955
yang,39,1.5,0.801663079078
neutral,39,1.5,1.01573709471
yang,40,1.5,0.777443777724
neutral,40,1.5,1.09724985122
yang,41,1.5,0.803707156338
neutral,41,1.5,1.09105613722
yang,42,1.5,0.822185684754
neutral,42,1.5,1.10136665356
yang,43,1.5,0.863758071258
neutral,43,1.5,1.14220699396
yang,44,1.5,0.767176220237
neutral,44,1.5,1.11781089065
yang,45,1.5,0.8506166437
neutral,45,1.5,1.07313248264
yang,46,1.5,0.718752049716
neutral,46,1.5,1.09015149332
yang,47,1.5,0.76574932885
neutral,47,1.5,1.11368995523
yang,48,1.5,0.757540727383
neutral,48,1.5,1.18375873517
yang,49,1.5,0.777144012139
neutral,49,1.5,1.06239823469
yang,0,1.6,0.809652480984
neutral,0,1.6,1.09725445544
yang,1,1.6,0.722732790859
neutral,1,1.6,1.15826452595
yang,2,1.6,0.80739803059
neutral,2,1.6,1.16611813943
yang,3,1.6,0.830783156794
neutral,3,1.6,1.1501393699
yang,4,1.6,0.745465435707
neutral,4,1.6,1.23322668294
yang,5,1.6,0.784233069962
neutral,5,1.6,1.10370055137
yang,6,1.6,0.84263677144
neutral,6,1.6,1.12941736906
yang,7,1.6,0.845397121538
neutral,7,1.6,1.16174807458
yang,8,1.6,0.80107682664
neutral,8,1.6,1.18167884992
yang,9,1.6,0.800107920374
neutral,9,1.6,1.18875944298
yang,10,1.6,0.747277583917
neutral,10,1.6,1.17325192123
yang,11,1.6,0.780562083621
neutral,11,1.6,1.20272138827
yang,12,1.6,0.793208498219
neutral,12,1.6,1.21311341457
yang,13,1.6,0.777777944317
neutral,13,1.6,1.18486552523
yang,14,1.6,0.807158371199
neutral,14,1.6,1.1119754006
yang,15,1.6,0.779991478953
neutral,15,1.6,1.17187592045
yang,16,1.6,0.850110949312
neutral,16,1.6,1.10921153248
yang,17,1.6,0.797760994283
neutral,17,1.6,1.1626050067
yang,18,1.6,0.770884186694
neutral,18,1.6,1.13714053012
yang,19,1.6,0.801830584316
neutral,19,1.6,1.27243901334
yang,20,1.6,0.802803841381
neutral,20,1.6,1.16605946813
yang,21,1.6,0.828638051692
neutral,21,1.6,1.18301508006
yang,22,1.6,0.844229104511
neutral,22,1.6,1.20788106563
yang,23,1.6,0.785112564053
neutral,23,1.6,1.17733747731
yang,24,1.6,0.78429217125
neutral,24,1.6,1.15906441892
yang,25,1.6,0.809595177979
neutral,25,1.6,1.17762974947
yang,26,1.6,0.825803072347
neutral,26,1.6,1.18830529573
yang,27,1.6,0.797114743734
neutral,27,1.6,1.1570028645
yang,28,1.6,0.85874999819
neutral,28,1.6,1.16224227205
yang,29,1.6,0.759110692085
neutral,29,1.6,1.14687109173
yang,30,1.6,0.815834087899
neutral,30,1.6,1.18108758519
yang,31,1.6,0.71452803378
neutral,31,1.6,1.1293580952
yang,32,1.6,0.818260350852
neutral,32,1.6,1.14861098071
yang,33,1.6,0.777640754446
neutral,33,1.6,1.24470823325
yang,34,1.6,0.810266570805
neutral,34,1.6,1.15325063235
yang,35,1.6,0.784047883416
neutral,35,1.6,1.22991379728
yang,36,1.6,0.826184491422
neutral,36,1.6,1.24181231433
yang,37,1.6,0.759240941338
neutral,37,1.6,1.16781143061
yang,38,1.6,0.814071584206
neutral,38,1.6,1.24129577167
yang,39,1.6,0.778499734935
neutral,39,1.6,1.2203815174
yang,40,1.6,0.756446246936
neutral,40,1.6,1.17550066806
yang,41,1.6,0.864466158974
neutral,41,1.6,1.14393836865
yang,42,1.6,0.755567193505
neutral,42,1.6,1.2095971205
yang,43,1.6,0.824821433649
neutral,43,1.6,1.16147938361
yang,44,1.6,0.746651914169
neutral,44,1.6,1.14002718998
yang,45,1.6,0.748488785962
neutral,45,1.6,1.1679833427
yang,46,1.6,0.743347283629
neutral,46,1.6,1.17649012183
yang,47,1.6,0.835701582536
neutral,47,1.6,1.17149835651
yang,48,1.6,0.753427978023
neutral,48,1.6,1.2027319986
yang,49,1.6,0.801517719612
neutral,49,1.6,1.14201948775
yang,0,1.7,0.774335717133
neutral,0,1.7,1.20800069435
yang,1,1.7,0.783955733032
neutral,1,1.7,1.23461990762
yang,2,1.7,0.79431251907
neutral,2,1.7,1.24648955634
yang,3,1.7,0.796291602079
neutral,3,1.7,1.2742372849
yang,4,1.7,0.893507968345
neutral,4,1.7,1.26960175487
yang,5,1.7,0.801594908317
neutral,5,1.7,1.15063013987
yang,6,1.7,0.786001454228
neutral,6,1.7,1.27557270368
yang,7,1.7,0.778550489013
neutral,7,1.7,1.16365960233
yang,8,1.7,0.820347693847
neutral,8,1.7,1.28111097947
yang,9,1.7,0.782749235336
neutral,9,1.7,1.35813077486
yang,10,1.7,0.747412227104
neutral,10,1.7,1.35123231895
yang,11,1.7,0.8619213826
neutral,11,1.7,1.15908570462
yang,12,1.7,0.811902241381
neutral,12,1.7,1.1732755139
yang,13,1.7,0.82713921372
neutral,13,1.7,1.13657075061
yang,14,1.7,0.808546742967
neutral,14,1.7,1.24860498007
yang,15,1.7,0.812321682928
neutral,15,1.7,1.22275440036
yang,16,1.7,0.761219636187
neutral,16,1.7,1.2084284184
yang,17,1.7,0.866007650916
neutral,17,1.7,1.25438639853
yang,18,1.7,0.799730683357
neutral,18,1.7,1.23638979685
yang,19,1.7,0.773813014858
neutral,19,1.7,1.13059296288
yang,20,1.7,0.770672376608
neutral,20,1.7,1.21144477511
yang,21,1.7,0.813355879593
neutral,21,1.7,1.2299727061
yang,22,1.7,0.793135829535
neutral,22,1.7,1.21578580611
yang,23,1.7,0.783696658274
neutral,23,1.7,1.17953226513
yang,24,1.7,0.803919010656
neutral,24,1.7,1.21005578951
yang,25,1.7,0.799189196955
neutral,25,1.7,1.27366607786
yang,26,1.7,0.801909467515
neutral,26,1.7,1.1304029276
yang,27,1.7,0.765350640726
neutral,27,1.7,1.22541316464
yang,28,1.7,0.79884459029
neutral,28,1.7,1.257423684
yang,29,1.7,0.768319472856
neutral,29,1.7,1.27145696415
yang,30,1.7,0.899413446307
neutral,30,1.7,1.26908174184
yang,31,1.7,0.812262449173
neutral,31,1.7,1.24940614473
yang,32,1.7,0.838345399564
neutral,32,1.7,1.25476093861
yang,33,1.7,0.824082072718
neutral,33,1.7,1.24977358273
yang,34,1.7,0.777076735979
neutral,34,1.7,1.18772038508
yang,35,1.7,0.780928953304
neutral,35,1.7,1.27094943195
yang,36,1.7,0.837470811501
neutral,36,1.7,1.22218292984
yang,37,1.7,0.829799306172
neutral,37,1.7,1.19174311656
yang,38,1.7,0.732849866661
neutral,38,1.7,1.20995669673
yang,39,1.7,0.776129165259
neutral,39,1.7,1.25450883759
yang,40,1.7,0.838231508916
neutral,40,1.7,1.2005740674
yang,41,1.7,0.845269197988
neutral,41,1.7,1.21970930783
yang,42,1.7,0.795170999458
neutral,42,1.7,1.30804853601
yang,43,1.7,0.838105311039
neutral,43,1.7,1.13874482858
yang,44,1.7,0.780766368003
neutral,44,1.7,1.22371164363
yang,45,1.7,0.761812225454
neutral,45,1.7,1.20805719499
yang,46,1.7,0.825396316626
neutral,46,1.7,1.20439359816
yang,47,1.7,0.835188568483
neutral,47,1.7,1.17663800272
yang,48,1.7,0.734996376016
neutral,48,1.7,1.30515356529
yang,49,1.7,0.771558390725
neutral,49,1.7,1.31189082485
yang,0,1.8,0.83500819161
neutral,0,1.8,1.18938251422
yang,1,1.8,0.818983013543
neutral,1,1.8,1.27383342248
yang,2,1.8,0.777400219475
neutral,2,1.8,1.30925469529
yang,3,1.8,0.843117673424
neutral,3,1.8,1.26584576799
yang,4,1.8,0.776022047689
neutral,4,1.8,1.23000966159
yang,5,1.8,0.757975943186
neutral,5,1.8,1.23748049084
yang,6,1.8,0.82698365655
neutral,6,1.8,1.29381117716
yang,7,1.8,0.797808828256
neutral,7,1.8,1.32418971547
yang,8,1.8,0.823686383312
neutral,8,1.8,1.24308187073
yang,9,1.8,0.754917376154
neutral,9,1.8,1.3261395428
yang,10,1.8,0.824665341937
neutral,10,1.8,1.28194336444
yang,11,1.8,0.843251285317
neutral,11,1.8,1.2649160318
yang,12,1.8,0.849423346254
neutral,12,1.8,1.22315056718
yang,13,1.8,0.832349714556
neutral,13,1.8,1.26088356869
yang,14,1.8,0.798705093514
neutral,14,1.8,1.25704086118
yang,15,1.8,0.785388309481
neutral,15,1.8,1.34350042311
yang,16,1.8,0.812073955638
neutral,16,1.8,1.40174484288
yang,17,1.8,0.776257189147
neutral,17,1.8,1.32509457571
yang,18,1.8,0.76319295594
neutral,18,1.8,1.30356298174
yang,19,1.8,0.819167204881
neutral,19,1.8,1.35221777124
yang,20,1.8,0.786608821311
neutral,20,1.8,1.18606419634
yang,21,1.8,0.81596904751
neutral,21,1.8,1.26561252706
yang,22,1.8,0.810518287691
neutral,22,1.8,1.32698141607
yang,23,1.8,0.811942380704
neutral,23,1.8,1.31170596318
yang,24,1.8,0.826268241138
neutral,24,1.8,1.13382774899
yang,25,1.8,0.741191712984
neutral,25,1.8,1.35557144196
yang,26,1.8,0.81319488162
neutral,26,1.8,1.34252684268
yang,27,1.8,0.787942824318
neutral,27,1.8,1.23754240703
yang,28,1.8,0.783743302196
neutral,28,1.8,1.29421965623
yang,29,1.8,0.798245826544
neutral,29,1.8,1.2195421139
yang,30,1.8,0.68708977209
neutral,30,1.8,1.31503741355
yang,31,1.8,0.80322468115
neutral,31,1.8,1.23113144896
yang,32,1.8,0.800007950396
neutral,32,1.8,1.25350892534
yang,33,1.8,0.810690845319
neutral,33,1.8,1.32011555986
yang,34,1.8,0.816520252646
neutral,34,1.8,1.32722229171
yang,35,1.8,0.773172062764
neutral,35,1.8,1.33608844204
yang,36,1.8,0.773853605552
neutral,36,1.8,1.34857404154
yang,37,1.8,0.688480129685
neutral,37,1.8,1.31060305089
yang,38,1.8,0.749291246009
neutral,38,1.8,1.19220374886
yang,39,1.8,0.833184741279
neutral,39,1.8,1.24700997876
yang,40,1.8,0.831154581324
neutral,40,1.8,1.35266028491
yang,41,1.8,0.847381611288
neutral,41,1.8,1.29612742043
yang,42,1.8,0.799256570012
neutral,42,1.8,1.23817449285
yang,43,1.8,0.753372926889
neutral,43,1.8,1.32536757909
yang,44,1.8,0.83276669351
neutral,44,1.8,1.35093321721
yang,45,1.8,0.805337011606
neutral,45,1.8,1.22172342548
yang,46,1.8,0.878789432017
neutral,46,1.8,1.26998807293
yang,47,1.8,0.84070069164
neutral,47,1.8,1.27469023433
yang,48,1.8,0.795238245068
neutral,48,1.8,1.30123121529
yang,49,1.8,0.832552645997
neutral,49,1.8,1.26226416655
yang,0,1.9,0.808509713998
neutral,0,1.9,1.28993259716
yang,1,1.9,0.808594091402
neutral,1,1.9,1.34580675944
yang,2,1.9,0.773158837051
neutral,2,1.9,1.28037984973
yang,3,1.9,0.798282474963
neutral,3,1.9,1.35467309778
yang,4,1.9,0.80039831741
neutral,4,1.9,1.2944255561
yang,5,1.9,0.854262890166
neutral,5,1.9,1.22303340009
yang,6,1.9,0.854007593094
neutral,6,1.9,1.30600345841
yang,7,1.9,0.782436473618
neutral,7,1.9,1.35423792271
yang,8,1.9,0.768856956315
neutral,8,1.9,1.39302268873
yang,9,1.9,0.796353728652
neutral,9,1.9,1.31265948546
yang,10,1.9,0.745400960483
neutral,10,1.9,1.41070892611
yang,11,1.9,0.768913581703
neutral,11,1.9,1.38021291334
yang,12,1.9,0.82676034588
neutral,12,1.9,1.31846817906
yang,13,1.9,0.790270056711
neutral,13,1.9,1.39572581315
yang,14,1.9,0.832461924214
neutral,14,1.9,1.31318344124
yang,15,1.9,0.811320564302
neutral,15,1.9,1.365338517
yang,16,1.9,0.811801013325
neutral,16,1.9,1.34799436506
yang,17,1.9,0.782343384703
neutral,17,1.9,1.30031220382
yang,18,1.9,0.809960141669
neutral,18,1.9,1.33753182656
yang,19,1.9,0.846240238796
neutral,19,1.9,1.29958648716
yang,20,1.9,0.864465245251
neutral,20,1.9,1.42025418056
yang,21,1.9,0.778328046984
neutral,21,1.9,1.30368678581
yang,22,1.9,0.802689788221
neutral,22,1.9,1.40248406681
yang,23,1.9,0.803882041172
neutral,23,1.9,1.38619139887
yang,24,1.9,0.821734058913
neutral,24,1.9,1.38600542538
yang,25,1.9,0.765394998302
neutral,25,1.9,1.31005035497
yang,26,1.9,0.803999684269
neutral,26,1.9,1.23193756389
yang,27,1.9,0.815169316223
neutral,27,1.9,1.39725604556
yang,28,1.9,0.786639392336
neutral,28,1.9,1.34845772132
yang,29,1.9,0.794133832003
neutral,29,1.9,1.32728577054
yang,30,1.9,0.808870751872
neutral,30,1.9,1.32142087011
yang,31,1.9,0.824424336657
neutral,31,1.9,1.34082180368
yang,32,1.9,0.745473972077
neutral,32,1.9,1.45004659848
yang,33,1.9,0.806082549516
neutral,33,1.9,1.30220398954
yang,34,1.9,0.804632563724
neutral,34,1.9,1.37637625595
yang,35,1.9,0.752074289824
neutral,35,1.9,1.4306310874
yang,36,1.9,0.805023453213
neutral,36,1.9,1.41152580922
yang,37,1.9,0.811583295524
neutral,37,1.9,1.38932057959
yang,38,1.9,0.761366972916
neutral,38,1.9,1.32848397655
yang,39,1.9,0.801435372496
neutral,39,1.9,1.27014815183
yang,40,1.9,0.792259245668
neutral,40,1.9,1.41459241609
yang,41,1.9,0.779903699002
neutral,41,1.9,1.28562409615
yang,42,1.9,0.814018588985
neutral,42,1.9,1.28766085144
yang,43,1.9,0.792329306715
neutral,43,1.9,1.39454101255
yang,44,1.9,0.818185725162
neutral,44,1.9,1.34592084011
yang,45,1.9,0.815723547666
neutral,45,1.9,1.3030669051
yang,46,1.9,0.781314656041
neutral,46,1.9,1.36504476407
yang,47,1.9,0.797853522701
neutral,47,1.9,1.29524834347
yang,48,1.9,0.844737406129
neutral,48,1.9,1.38429013884
yang,49,1.9,0.777464844229
neutral,49,1.9,1.26599345701
yang,0,2.0,0.786867705019
neutral,0,2.0,1.37850170353
yang,1,2.0,0.805005182916
neutral,1,2.0,1.49875164633
yang,2,2.0,0.843974250436
neutral,2,2.0,1.46825757081
yang,3,2.0,0.761212566275
neutral,3,2.0,1.46041950231
yang,4,2.0,0.744104804557
neutral,4,2.0,1.39209991569
yang,5,2.0,0.760002462942
neutral,5,2.0,1.41985565203
yang,6,2.0,0.765501696246
neutral,6,2.0,1.41377118766
yang,7,2.0,0.811750335347
neutral,7,2.0,1.44537039245
yang,8,2.0,0.793760327214
neutral,8,2.0,1.34575827978
yang,9,2.0,0.847544202356
neutral,9,2.0,1.44007440819
yang,10,2.0,0.845428819697
neutral,10,2.0,1.37753917984
yang,11,2.0,0.808649722869
neutral,11,2.0,1.35379887459
yang,12,2.0,0.856277628807
neutral,12,2.0,1.31441151594
yang,13,2.0,0.82635420131
neutral,13,2.0,1.41860545825
yang,14,2.0,0.805916173084
neutral,14,2.0,1.36396791651
yang,15,2.0,0.79560731763
neutral,15,2.0,1.47463646568
yang,16,2.0,0.78292085754
neutral,16,2.0,1.47247963876
yang,17,2.0,0.862108370949
neutral,17,2.0,1.36651700529
yang,18,2.0,0.744363464055
neutral,18,2.0,1.35221760164
yang,19,2.0,0.887762321719
neutral,19,2.0,1.42610312468
yang,20,2.0,0.864877961772
neutral,20,2.0,1.3607842081
yang,21,2.0,0.755792793849
neutral,21,2.0,1.47620919049
yang,22,2.0,0.797260185941
neutral,22,2.0,1.46765802592
yang,23,2.0,0.839493879532
neutral,23,2.0,1.42253408838
yang,24,2.0,0.848599120302
neutral,24,2.0,1.38655844132
yang,25,2.0,0.771615576146
neutral,25,2.0,1.44147872705
yang,26,2.0,0.794505296286
neutral,26,2.0,1.43762267971
yang,27,2.0,0.76828001186
neutral,27,2.0,1.45690801697
yang,28,2.0,0.859262031631
neutral,28,2.0,1.409937273
yang,29,2.0,0.852374438923
neutral,29,2.0,1.34525575487
yang,30,2.0,0.853508994298
neutral,30,2.0,1.37810614228
yang,31,2.0,0.813932837242
neutral,31,2.0,1.38420952106
yang,32,2.0,0.866498199223
neutral,32,2.0,1.44457890156
yang,33,2.0,0.791416781581
neutral,33,2.0,1.36571565164
yang,34,2.0,0.78743175212
neutral,34,2.0,1.46284510683
yang,35,2.0,0.825180282267
neutral,35,2.0,1.40360631751
yang,36,2.0,0.833925075774
neutral,36,2.0,1.44531286014
yang,37,2.0,0.829131348036
neutral,37,2.0,1.3694159437
yang,38,2.0,0.819576615005
neutral,38,2.0,1.44264287704
yang,39,2.0,0.800838752487
neutral,39,2.0,1.37546981243
yang,40,2.0,0.829861973993
neutral,40,2.0,1.36077254531
yang,41,2.0,0.779253192656
neutral,41,2.0,1.46862499165
yang,42,2.0,0.864097087549
neutral,42,2.0,1.43648210998
yang,43,2.0,0.852244982296
neutral,43,2.0,1.49393039017
yang,44,2.0,0.740290678473
neutral,44,2.0,1.43328485937
yang,45,2.0,0.839415960225
neutral,45,2.0,1.36470222567
yang,46,2.0,0.760434437363
neutral,46,2.0,1.37015604129
yang,47,2.0,0.865146828405
neutral,47,2.0,1.42242759263
yang,48,2.0,0.883483975416
neutral,48,2.0,1.30100681992
yang,49,2.0,0.759584321524
neutral,49,2.0,1.46268409245
